Designator,Mid X,Mid Y,Rotation,Side
C1,139.065,-72.39,90,top
C2,154.305,-73.025,90,top
C3,148.752504,-68.540534,90,top
R1,139.065,-68.58,90,top
R2,132.08,-68.58,90,top
R3,135.89,-68.58,90,top
R4,135.89,-72.39,-90,top
R5,151.765,-74.93,90,top
R6,156.845,-73.025,-90,top
R7,154.305,-68.58,90,top
R8,159.385,-68.58,90,top
R9,144.145,-83.82,90,top
R10,140.97,-83.82,-90,top
U1,145.415,-73.66,-90,top
